{"cameraMode":{"drawMode":0,"name":"Shaded","section":"Shading Mode"},"sceneLighting":false,"audioPlay":false,"sceneViewState":{"showFog":true,"showMaterialUpdate":true,"showSkybox":true,"showFlares":true,"showImageEffects":true,"showParticleSystems":true},"in2DMode":false,"pivot":{"x":2.9802322387695315e-8,"y":0.2500000596046448,"z":0.0},"rotation":{"x":-0.3954119086265564,"y":0.3315575420856476,"z":-0.15564464032649995,"w":-0.842314600944519},"size":1.7208309173583985,"orthographic":false}