{"cameraMode":{"drawMode":0,"name":"Shaded","section":"Shading Mode"},"sceneLighting":true,"audioPlay":false,"sceneViewState":{"showFog":true,"showMaterialUpdate":true,"showSkybox":true,"showFlares":true,"showImageEffects":true,"showParticleSystems":true},"in2DMode":false,"pivot":{"x":-0.04577779769897461,"y":4.699999809265137,"z":2.122732639312744},"rotation":{"x":-0.2933809161186218,"y":-0.364422470331192,"z":0.12214186787605286,"w":-0.8753315806388855},"size":2.805100679397583,"orthographic":false}