{"cameraMode":{"drawMode":0,"name":"Shaded","section":"Shading Mode"},"sceneLighting":false,"audioPlay":false,"sceneViewState":{"showFog":true,"showMaterialUpdate":true,"showSkybox":true,"showFlares":true,"showImageEffects":true,"showParticleSystems":true},"in2DMode":false,"pivot":{"x":0.0,"y":0.6840000152587891,"z":7.38100004196167},"rotation":{"x":-0.4369649589061737,"y":0.10216022282838822,"z":-0.05003092810511589,"w":-0.8922566175460815},"size":15.655354499816895,"orthographic":false}