{"cameraMode":{"drawMode":0,"name":"Shaded","section":"Shading Mode"},"sceneLighting":true,"audioPlay":false,"sceneViewState":{"showFog":true,"showMaterialUpdate":true,"showSkybox":true,"showFlares":true,"showImageEffects":true,"showParticleSystems":true},"in2DMode":false,"pivot":{"x":-34.81770324707031,"y":22.711074829101564,"z":208.65444946289063},"rotation":{"x":-0.12565462291240693,"y":0.3146999180316925,"z":-0.04206857830286026,"w":-0.9398963451385498},"size":37.76429748535156,"orthographic":false}