{"cameraMode":{"drawMode":0,"name":"Shaded","section":"Shading Mode"},"sceneLighting":false,"audioPlay":false,"sceneViewState":{"showFog":true,"showMaterialUpdate":true,"showSkybox":true,"showFlares":true,"showImageEffects":true,"showParticleSystems":true},"in2DMode":false,"pivot":{"x":0.0,"y":5.099999904632568,"z":34.189998626708987},"rotation":{"x":-0.4489905536174774,"y":0.4555917978286743,"z":-0.28683942556381228,"w":-0.7131386995315552},"size":14.289420127868653,"orthographic":false}