{"cameraMode":{"drawMode":0,"name":"Shaded","section":"Shading Mode"},"sceneLighting":true,"audioPlay":false,"sceneViewState":{"showFog":true,"showMaterialUpdate":true,"showSkybox":true,"showFlares":true,"showImageEffects":true,"showParticleSystems":true},"in2DMode":false,"pivot":{"x":-54.30557632446289,"y":21.281654357910158,"z":117.4156494140625},"rotation":{"x":-0.2933809161186218,"y":-0.364422470331192,"z":0.12214186787605286,"w":-0.8753315806388855},"size":96.86341857910156,"orthographic":false}