{"cameraMode":{"drawMode":0,"name":"Shaded","section":"Shading Mode"},"sceneLighting":false,"audioPlay":false,"sceneViewState":{"showFog":true,"showMaterialUpdate":true,"showSkybox":true,"showFlares":true,"showImageEffects":true,"showParticleSystems":true},"in2DMode":false,"pivot":{"x":-213.19940185546876,"y":-54.09320068359375,"z":-66.56768798828125},"rotation":{"x":-0.45846515893936159,"y":-0.019992999732494355,"z":0.010317211039364338,"w":-0.8884275555610657},"size":2442.369384765625,"orthographic":false}