{"cameraMode":{"drawMode":0,"name":"Shaded","section":"Shading Mode"},"sceneLighting":true,"audioPlay":false,"sceneViewState":{"showFog":true,"showMaterialUpdate":true,"showSkybox":true,"showFlares":true,"showImageEffects":true,"showParticleSystems":true},"in2DMode":false,"pivot":{"x":110.32357788085938,"y":0.9386770725250244,"z":208.22621154785157},"rotation":{"x":-0.06918682903051377,"y":0.8733024597167969,"z":-0.13011042773723603,"w":-0.4643568694591522},"size":14.458409309387207,"orthographic":false}