{"cameraMode":{"drawMode":0,"name":"Shaded","section":"Shading Mode"},"sceneLighting":true,"audioPlay":false,"sceneViewState":{"showFog":true,"showMaterialUpdate":true,"showSkybox":true,"showFlares":true,"showImageEffects":true,"showParticleSystems":true},"in2DMode":false,"pivot":{"x":-139.14476013183595,"y":-14.351478576660157,"z":254.80618286132813},"rotation":{"x":-0.37838196754455569,"y":0.18872877955436707,"z":-0.07910120487213135,"w":-0.9027466773986816},"size":126.85334777832031,"orthographic":false}