{"cameraMode":{"drawMode":0,"name":"Shaded","section":"Shading Mode"},"sceneLighting":false,"audioPlay":false,"sceneViewState":{"showFog":true,"showMaterialUpdate":true,"showSkybox":true,"showFlares":true,"showImageEffects":true,"showParticleSystems":true},"in2DMode":false,"pivot":{"x":-0.6520026326179504,"y":4.658440113067627,"z":-0.462211936712265},"rotation":{"x":-0.37858715653419497,"y":0.45710840821266177,"z":-0.22385971248149873,"w":-0.7730526924133301},"size":6.044719696044922,"orthographic":false}