{"cameraMode":{"drawMode":0,"name":"Shaded","section":"Shading Mode"},"sceneLighting":true,"audioPlay":false,"sceneViewState":{"showFog":true,"showMaterialUpdate":true,"showSkybox":true,"showFlares":true,"showImageEffects":true,"showParticleSystems":true},"in2DMode":false,"pivot":{"x":594.6715087890625,"y":358.6102294921875,"z":1752.47216796875},"rotation":{"x":-0.22524510324001313,"y":-0.040906719863414767,"z":0.00946586299687624,"w":-0.9733970165252686},"size":3678.823974609375,"orthographic":false}