{"cameraMode":{"drawMode":0,"name":"Shaded","section":"Shading Mode"},"sceneLighting":true,"audioPlay":false,"sceneViewState":{"showFog":true,"showMaterialUpdate":true,"showSkybox":true,"showFlares":true,"showImageEffects":true,"showParticleSystems":true},"in2DMode":false,"pivot":{"x":-96.89781188964844,"y":-7.682750701904297,"z":244.31298828125},"rotation":{"x":-0.2933809161186218,"y":-0.364422470331192,"z":0.12214186787605286,"w":-0.8753315806388855},"size":53.44021224975586,"orthographic":false}