{"cameraMode":{"drawMode":0,"name":"Shaded","section":"Shading Mode"},"sceneLighting":false,"audioPlay":false,"sceneViewState":{"showFog":true,"showMaterialUpdate":true,"showSkybox":true,"showFlares":true,"showImageEffects":true,"showParticleSystems":true},"in2DMode":false,"pivot":{"x":1.13100004196167,"y":1.3009999990463257,"z":4.769999980926514},"rotation":{"x":-0.4369649589061737,"y":0.10216022282838822,"z":-0.05003092810511589,"w":-0.8922566175460815},"size":50.67089080810547,"orthographic":false}