{"cameraMode":{"drawMode":0,"name":"Shaded","section":"Shading Mode"},"sceneLighting":true,"audioPlay":false,"sceneViewState":{"showFog":true,"showMaterialUpdate":true,"showSkybox":true,"showFlares":true,"showImageEffects":true,"showParticleSystems":true},"in2DMode":false,"pivot":{"x":-63.79054641723633,"y":25.3013916015625,"z":131.65206909179688},"rotation":{"x":-0.22524510324001313,"y":-0.040906719863414767,"z":0.00946586299687624,"w":-0.9733970165252686},"size":65.7005386352539,"orthographic":false}