{"cameraMode":{"drawMode":0,"name":"Shaded","section":"Shading Mode"},"sceneLighting":true,"audioPlay":false,"sceneViewState":{"showFog":true,"showMaterialUpdate":true,"showSkybox":true,"showFlares":true,"showImageEffects":true,"showParticleSystems":true},"in2DMode":false,"pivot":{"x":575.5548706054688,"y":-107.193359375,"z":1525.5029296875},"rotation":{"x":-0.22524510324001313,"y":-0.040906719863414767,"z":0.00946586299687624,"w":-0.9733970165252686},"size":2490.170654296875,"orthographic":false}