{"cameraMode":{"drawMode":0,"name":"Shaded","section":"Shading Mode"},"sceneLighting":true,"audioPlay":false,"sceneViewState":{"showFog":true,"showMaterialUpdate":true,"showSkybox":true,"showFlares":true,"showImageEffects":true,"showParticleSystems":true},"in2DMode":false,"pivot":{"x":-73.61417388916016,"y":23.549549102783204,"z":139.29466247558595},"rotation":{"x":-0.2933809161186218,"y":-0.364422470331192,"z":0.12214186787605286,"w":-0.8753315806388855},"size":7.613666534423828,"orthographic":false}